{"cameraMode":{"drawMode":0,"name":"Shaded","section":"Shading Mode"},"sceneLighting":false,"audioPlay":false,"sceneViewState":{"m_AlwaysRefresh":false,"showFog":true,"showSkybox":false,"showFlares":true,"showImageEffects":true,"showParticleSystems":true,"showVisualEffectGraphs":true,"m_FxEnabled":false},"in2DMode":false,"pivot":{"x":-0.19699996709823609,"y":0.7120000123977661,"z":30.343046188354493},"rotation":{"x":0.15100964903831483,"y":-0.3128966987133026,"z":0.05046260729432106,"w":0.9363493323326111},"size":1.385640263557434,"orthographic":true}