{"cameraMode":{"drawMode":0,"name":"Shaded","section":"Shading Mode"},"sceneLighting":false,"audioPlay":false,"sceneViewState":{"m_AlwaysRefresh":false,"showFog":true,"showSkybox":false,"showFlares":true,"showImageEffects":true,"showParticleSystems":true,"showVisualEffectGraphs":true,"m_FxEnabled":false},"in2DMode":false,"pivot":{"x":-0.9199999570846558,"y":0.9499999284744263,"z":15.100000381469727},"rotation":{"x":0.14112886786460877,"y":0.6021118760108948,"z":-0.10919109731912613,"w":0.7782195806503296},"size":4.887214183807373,"orthographic":false}