{"cameraMode":{"drawMode":0,"name":"Shaded","section":"Shading Mode"},"sceneLighting":false,"audioPlay":false,"sceneViewState":{"m_AlwaysRefresh":false,"showFog":true,"showSkybox":false,"showFlares":true,"showImageEffects":true,"showParticleSystems":true,"showVisualEffectGraphs":true,"m_FxEnabled":false},"in2DMode":false,"pivot":{"x":-0.19699999690055848,"y":0.7120000123977661,"z":6.543000221252441},"rotation":{"x":0.17005932331085206,"y":0.7364376187324524,"z":-0.20096085965633393,"w":0.6231871247291565},"size":0.4986054003238678,"orthographic":false}