{"cameraMode":{"drawMode":0,"name":"Shaded","section":"Shading Mode"},"sceneLighting":true,"audioPlay":false,"sceneViewState":{"m_AlwaysRefresh":false,"showFog":true,"showSkybox":true,"showFlares":true,"showImageEffects":true,"showParticleSystems":true,"showVisualEffectGraphs":true,"m_FxEnabled":false},"in2DMode":false,"pivot":{"x":47.00763702392578,"y":51.59153366088867,"z":6.3336639404296879},"rotation":{"x":-0.3657146990299225,"y":0.007198855746537447,"z":-0.0029461546801030637,"w":-0.9307387471199036},"size":75.47282409667969,"orthographic":true}