{"cameraMode":{"drawMode":0,"name":"Shaded","section":"Shading Mode"},"sceneLighting":true,"audioPlay":false,"sceneViewState":{"m_AlwaysRefresh":false,"showFog":true,"showSkybox":true,"showFlares":true,"showImageEffects":true,"showParticleSystems":true,"showVisualEffectGraphs":true,"m_FxEnabled":false},"in2DMode":false,"pivot":{"x":48.19511413574219,"y":52.696319580078128,"z":-42.87540054321289},"rotation":{"x":-0.17426809668540955,"y":0.17064809799194337,"z":-0.030792973935604097,"w":-0.9693538546562195},"size":52.46993637084961,"orthographic":true}